{"effects_probs": {"bandreject": 0.5210262973322761, "pitch": 0.8261804284406628, "reverb": 0.4813915116468239, "time_drop": 0.696993220478398, "clip": 0.5441996160158205}, "band_scaler": 0.6328643443660216, "pitch_shift_max": 356.68571520837617, "pitch_quick_prob": 0.12260738292202178, "clip_min": 0.5193630190124763, "clip_max": 0.8359870484011397, "t_ms": 109.22322601434699, "room_scale_min": 29.638537343800277, "room_scale_max": 74.31974523355528, "reverberance_min": 50, "reverberance_max": 50, "damping_min": 50, "damping_max": 50}