{"effects_probs": {"bandreject": 0.7444499187391396, "pitch": 0.892451827968046, "reverb": 0.6493977147151715, "time_drop": 0.14686379529937443, "clip": 0.9696254857122499}, "band_scaler": 0.5802768969735849, "pitch_shift_max": 377.872860331374, "pitch_quick_prob": 0.4562217084748149, "clip_min": 0.5706488417218383, "clip_max": 1, "t_ms": 61.8664419058959, "room_scale_min": 6.554043934378936, "room_scale_max": 59.38980559169086, "reverberance_min": 50, "reverberance_max": 50, "damping_min": 50, "damping_max": 50}