{"effects_probs": {"bandreject": 0.34807416360421795, "pitch": 0.8790227768950437, "reverb": 0.7870862315174119, "time_drop": 0.5311156758472851, "clip": 0.7184868983152249}, "band_scaler": 0.8313352063100015, "pitch_shift_max": 299.29702568454854, "pitch_quick_prob": 0.5519833773818017, "clip_min": 0.36516134419555896, "clip_max": 0.757945577145152, "t_ms": 98.00052631931185, "room_scale_min": 10.878872855362925, "room_scale_max": 58.217135591061236, "reverberance_min": 50, "reverberance_max": 50, "damping_min": 50, "damping_max": 50}